<?xml version='1.0' encoding='utf-8'?>
<!DOCTYPE hibernate-configuration PUBLIC
"-//Hibernate/Hibernate Configuration DTD//EN"
"http://hibernate.sourceforge.net/hibernate-configuration-3.0.dtd">

<hibernate-configuration>
	<session-factory>
		
		
		<property name="hibernate.connection.driver_class">com.mysql.jdbc.Driver</property>
		<!--<property name="hibernate.connection.url">jdbc:odbc:rahul_dsn</property>-->
		<property name="hibernate.connection.url">jdbc:mysql://localhost:3306/tests</property>
		<property name="hibernate.connection.username">root</property>
		<property name="hibernate.connection.password">root</property>
		<property name="hibernate.connection.pool_size">10</property>
		<property name="show_sql">true</property>
		<property name="hibernate.dialect">org.hibernate.dialect.MySQLDialect</property>
		
		<!--<property name="hibernate.connection.driver_class">sun.jdbc.odbc.JdbcOdbcDriver</property>
		<property name="hibernate.connection.driver_class">oracle.jdbc.driver.OracleDriver</property>-->
		<!--<property name="hibernate.connection.url">jdbc:odbc:rahul_dsn</property>
		<property name="hibernate.connection.url">jdbc:oracle:thin:@localhost:1521:xe</property>
		<property name="hibernate.connection.username">system</property>
		<property name="hibernate.connection.password">san227</property>
		<property name="hibernate.connection.pool_size">10</property>
		<property name="show_sql">true</property>
		<property name="hibernate.dialect">org.hibernate.dialect.Oracle9Dialect</property>-->
		
		
		
		
		
		<property name="hibernate.hbm2ddl.auto">update</property>
		<mapping resource="emp.hbm.xml"/>
	</session-factory>
</hibernate-configuration>