<?xml version="1.0"?>
<!DOCTYPE hibernate-mapping PUBLIC 
    "-//Hibernate/Hibernate Mapping DTD 3.0//EN"
    "C:\Users\T39HZ1G\Downloads\hibernate-mapping-3.0.dtd">
<hibernate-mapping>
  <class name="com.volkswagen.Exam" table="exam">
	  <id name="id" type="int" column="id">
	  <generator class="assigned" />
	  </id>
	<property name="exam_name">
		 <column name="exam_name" />
	  </property>
	  <property name="examiner_id">
		 <column name="examiner_id" />
	  </property>
   </class> 
</hibernate-mapping>